{
  "train_loss": [
    2.283599297205607,
    2.2478535811106366,
    2.267116149266561
  ],
  "val_loss": [
    2.0900009117126466,
    2.0917370471954344,
    2.1498163204193115
  ],
  "train_fatigue_acc": [
    0.41875,
    0.38333333333333336,
    0.3770833333333333
  ],
  "val_fatigue_acc": [
    0.446,
    0.422,
    0.422
  ],
  "train_emotion_acc": [
    0.15208333333333332,
    0.16458333333333333,
    0.15625
  ],
  "val_emotion_acc": [
    0.124,
    0.148,
    0.148
  ],
  "lr": [
    0.001,
    0.0009757729755661011,
    0.000905463412215599
  ]
}